sector_2d,sector_label,interval,start_year,end_year,n_years,years,regime_label,interpretability_label,tool_label,spec,n_obs,adj_r2,r2,top_beta,top_b,beta_x,beta_lag1,beta_lag2,b_x,b_lag1,b_lag2,b_sum,cond_scaled,mean_abs_corr,sign_x,sign_lag1,loo_runs,loo_top_beta_consistency,loo_sign_lag1_consistency
01,01 — Растениеводство в сочетании с животноводством (с,2014-2019,2014,2019,6,"2014,2015,2016,2017,2018,2019",monotone_growth,collinearity_heavy,enter_beta_bsum,M1_current,5,0.9544961062675156,0.9658720797006367,X_n,X_n,-0.9827879118612706,,,-9.92394567172368e-06,,,0.0,1.0,0.0,-1.0,,6,1.0,0.0
01,01 — Растениеводство в сочетании с животноводством (с,2014-2019,2014,2019,6,"2014,2015,2016,2017,2018,2019",monotone_growth,collinearity_heavy,enter_beta_bsum,M1_lag1,4,0.5978183329118312,0.7318788886078874,Lag_1,Lag_1,,-0.8554992043291959,,,-1.7835319781734543e-06,,-1.7835319781734543e-06,1.0,0.0,,-1.0,0,,
01,01 — Растениеводство в сочетании с животноводством (с,2014-2019,2014,2019,6,"2014,2015,2016,2017,2018,2019",monotone_growth,collinearity_heavy,enter_beta_bsum,M2_current_lag1,4,0.7052965933827988,0.9017655311275996,Lag_1,X_n,3.238878337010279,-4.068044338554514,,2.097690582021779e-05,-8.48099814672364e-06,,-8.48099814672364e-06,15.652219628100893,0.9918696536130872,1.0,-1.0,0,,
01,01 — Растениеводство в сочетании с животноводством (с,2014-2022,2014,2022,9,"2014,2015,2016,2017,2018,2019,2020,2021,2022",monotone_growth,interpretable,structural_m1_m2,M1_current,8,0.004806902696941395,0.146977345168807,X_n,X_n,-0.38337624491980055,,,-1.9750065557774554e-06,,,0.0,1.0,0.0,-1.0,,9,1.0,0.0
01,01 — Растениеводство в сочетании с животноводством (с,2014-2022,2014,2022,9,"2014,2015,2016,2017,2018,2019,2020,2021,2022",monotone_growth,interpretable,structural_m1_m2,M1_lag1,7,-0.18524294623500048,0.012297544804166227,Lag_1,Lag_1,,0.11089429563402345,,,5.290012552635678e-07,,5.290012552635678e-07,1.0,0.0,,1.0,9,1.0,1.0
01,01 — Растениеводство в сочетании с животноводством (с,2014-2022,2014,2022,9,"2014,2015,2016,2017,2018,2019,2020,2021,2022",monotone_growth,interpretable,structural_m1_m2,M2_current_lag1,7,-0.43112501050906316,0.04591665966062464,X_n,X_n,0.3750620608973875,-0.21629438795411193,,1.6446114033716385e-06,-1.031793403619268e-06,,-1.031793403619268e-06,3.83000261807238,0.8723587845843205,1.0,-1.0,9,0.5555555555555556,0.4444444444444444
01,01 — Растениеводство в сочетании с животноводством (с,2014-2022,2014,2022,9,"2014,2015,2016,2017,2018,2019,2020,2021,2022",monotone_growth,interpretable,structural_m1_m2,M3_lag1_lag2,6,-0.1131779988477386,0.33209320069135684,Lag_2,Lag_2,,-0.44498804077601795,0.8006677701020666,,-3.2625024780672946e-06,5.499441347112224e-06,2.236938869044929e-06,2.435603901681554,0.7114899016500648,,-1.0,9,0.7777777777777778,0.7777777777777778
05,05 — Рыболовство в открытых районах Мирового океана и,2014-2019,2014,2019,6,"2014,2015,2016,2017,2018,2019",oscillatory,interpretable,structural_m1_m2,M1_current,5,0.2632255068812599,0.4474191301609449,X_n,X_n,-0.6688939603262576,,,-2.4009729397186615e-06,,,0.0,1.0,0.0,-1.0,,6,1.0,0.0
05,05 — Рыболовство в открытых районах Мирового океана и,2014-2019,2014,2019,6,"2014,2015,2016,2017,2018,2019",oscillatory,interpretable,structural_m1_m2,M1_lag1,4,-0.48930681642347995,0.007128789051013329,Lag_1,Lag_1,,-0.08443215649865568,,,-4.180444300385321e-07,,-4.180444300385321e-07,1.0,0.0,,-1.0,0,,
05,05 — Рыболовство в открытых районах Мирового океана и,2014-2019,2014,2019,6,"2014,2015,2016,2017,2018,2019",oscillatory,interpretable,structural_m1_m2,M2_current_lag1,4,0.5300384700060892,0.8433461566686964,X_n,X_n,-1.030703558321975,0.3911017092984058,,-5.1265651924842506e-06,1.936441018811958e-06,,1.936441018811958e-06,1.647152623336577,0.4613682197539405,-1.0,1.0,0,,
05,05 — Рыболовство в открытых районах Мирового океана и,2014-2022,2014,2022,9,"2014,2015,2016,2017,2018,2019,2020,2021,2022",oscillatory,interpretable,structural_m1_m2,M1_current,8,0.36086135125795116,0.4521668725068153,X_n,X_n,-0.6724335450487396,,,-1.736809263503563e-06,,,0.0,1.0,0.0,-1.0,,9,1.0,0.0
05,05 — Рыболовство в открытых районах Мирового океана и,2014-2022,2014,2022,9,"2014,2015,2016,2017,2018,2019,2020,2021,2022",oscillatory,interpretable,structural_m1_m2,M1_lag1,7,0.03597645619696943,0.1966470468308078,Lag_1,Lag_1,,-0.443449035212399,,,-1.4207890812548668e-06,,-1.4207890812548668e-06,1.0,0.0,,-1.0,9,1.0,1.0
05,05 — Рыболовство в открытых районах Мирового океана и,2014-2022,2014,2022,9,"2014,2015,2016,2017,2018,2019,2020,2021,2022",oscillatory,interpretable,structural_m1_m2,M2_current_lag1,7,0.4559943091147186,0.6373295394098124,X_n,X_n,-1.2602173195329702,0.6277489856370888,,-3.937761277053637e-06,2.0112771338758254e-06,,2.0112771338758254e-06,3.5120181457372235,0.8500105531373493,-1.0,1.0,9,1.0,1.0
05,05 — Рыболовство в открытых районах Мирового океана и,2014-2022,2014,2022,9,"2014,2015,2016,2017,2018,2019,2020,2021,2022",oscillatory,interpretable,structural_m1_m2,M3_lag1_lag2,6,-0.5341392151638331,0.07951647090170011,Lag_2,Lag_2,,0.1405964398835437,-0.36940929511727005,,4.685126302812138e-07,-1.2901453634689876e-06,-8.216327331877738e-07,2.5785291156340993,0.7385214991081721,,1.0,9,0.4444444444444444,0.3333333333333333
15,15 — Производство хлеба и мучных кондитерских изделий,2014-2019,2014,2019,6,"2014,2015,2016,2017,2018,2019",oscillatory,interpretable,structural_m1_m2,M1_current,5,0.5268682954286595,0.6451512215714946,X_n,X_n,-0.8032130611310393,,,-1.8526176772488834e-06,,,0.0,1.0,0.0,-1.0,,6,1.0,0.0
15,15 — Производство хлеба и мучных кондитерских изделий,2014-2019,2014,2019,6,"2014,2015,2016,2017,2018,2019",oscillatory,interpretable,structural_m1_m2,M1_lag1,4,-0.3916356950008846,0.07224286999941032,Lag_1,Lag_1,,-0.2687803378214456,,,-4.953654981936103e-07,,-4.953654981936103e-07,1.0,0.0,,-1.0,0,,
15,15 — Производство хлеба и мучных кондитерских изделий,2014-2019,2014,2019,6,"2014,2015,2016,2017,2018,2019",oscillatory,interpretable,structural_m1_m2,M2_current_lag1,4,0.26260324810065305,0.7542010827002177,X_n,X_n,-1.1048538782388444,0.465211405700651,,-5.39890833071299e-06,8.573903940225858e-07,,8.573903940225858e-07,2.2267239901225095,0.6643337711698962,-1.0,1.0,0,,
15,15 — Производство хлеба и мучных кондитерских изделий,2014-2022,2014,2022,9,"2014,2015,2016,2017,2018,2019,2020,2021,2022",monotone_growth,interpretable,structural_m1_m2,M1_current,8,0.2418030824223154,0.35011692779055614,X_n,X_n,-0.5917067920774244,,,-9.129106908672241e-07,,,0.0,1.0,0.0,-1.0,,9,1.0,0.0
15,15 — Производство хлеба и мучных кондитерских изделий,2014-2022,2014,2022,9,"2014,2015,2016,2017,2018,2019,2020,2021,2022",monotone_growth,interpretable,structural_m1_m2,M1_lag1,7,-0.1916481019113756,0.006959915073853629,Lag_1,Lag_1,,-0.08342610546977114,,,-1.1454241589372399e-07,,-1.1454241589372399e-07,1.0,0.0,,-1.0,9,1.0,0.3333333333333333
15,15 — Производство хлеба и мучных кондитерских изделий,2014-2022,2014,2022,9,"2014,2015,2016,2017,2018,2019,2020,2021,2022",monotone_growth,interpretable,structural_m1_m2,M2_current_lag1,7,-0.36262698471703736,0.09158201018864176,X_n,X_n,-0.4510547573377363,0.26128870274452065,,-8.857957503538966e-07,3.587442934027288e-07,,3.587442934027288e-07,2.735554922189777,0.7642415972927649,-1.0,1.0,9,0.7777777777777778,1.0
15,15 — Производство хлеба и мучных кондитерских изделий,2014-2022,2014,2022,9,"2014,2015,2016,2017,2018,2019,2020,2021,2022",monotone_growth,interpretable,structural_m1_m2,M3_lag1_lag2,6,0.08271679037372381,0.4496300742242343,Lag_2,Lag_2,,-0.2155185272361417,0.7985226554149268,,-4.670705419837993e-07,1.1944770949486143e-06,7.274065529648151e-07,2.296321499756894,0.6811779800410734,,-1.0,9,0.8888888888888888,0.3333333333333333
18,18 — Производство спецодежды,2014-2019,2014,2019,6,"2014,2015,2016,2017,2018,2019",plateau_like,low_dispersion,do_not_read_regression,M1_current,5,-0.2905052885543147,0.03212103358426388,X_n,X_n,-0.17922341806880004,,,-1.542958507454708e-06,,,0.0,1.0,0.0,-1.0,,6,1.0,0.0
18,18 — Производство спецодежды,2014-2019,2014,2019,6,"2014,2015,2016,2017,2018,2019",plateau_like,low_dispersion,do_not_read_regression,M1_lag1,4,-0.10452868615612032,0.2636475425625865,Lag_1,Lag_1,,-0.5134662039147141,,,-4.429334794210175e-06,,-4.429334794210175e-06,1.0,0.0,,-1.0,0,,
18,18 — Производство спецодежды,2014-2019,2014,2019,6,"2014,2015,2016,2017,2018,2019",plateau_like,low_dispersion,do_not_read_regression,M2_current_lag1,4,0.963681506011984,0.987893835337328,X_n,X_n,-1.534457208572682,0.7633707599009196,,-1.1585032245279751e-05,6.585096822211526e-06,,6.585096822211526e-06,3.3034151174241932,0.8321098540136671,-1.0,1.0,0,,
18,18 — Производство спецодежды,2014-2022,2014,2022,9,"2014,2015,2016,2017,2018,2019,2020,2021,2022",oscillatory,interpretable,structural_m1_m2,M1_current,8,0.21539768461688458,0.32748372967161543,X_n,X_n,-0.5722619414845053,,,-8.097487324630438e-06,,,0.0,1.0,0.0,-1.0,,9,1.0,0.0
18,18 — Производство спецодежды,2014-2022,2014,2022,9,"2014,2015,2016,2017,2018,2019,2020,2021,2022",oscillatory,interpretable,structural_m1_m2,M1_lag1,7,0.4033045860628437,0.5027538217190364,Lag_1,Lag_1,,-0.709051353372262,,,-9.941356340319914e-06,,-9.941356340319914e-06,1.0,0.0,,-1.0,9,1.0,1.0
18,18 — Производство спецодежды,2014-2022,2014,2022,9,"2014,2015,2016,2017,2018,2019,2020,2021,2022",oscillatory,interpretable,structural_m1_m2,M2_current_lag1,7,0.5425259380279417,0.6950172920186278,X_n,X_n,-0.5625046087084551,-0.35670498327791755,,-9.133514349414921e-06,-5.001233451241809e-06,,-5.001233451241809e-06,2.086421112011694,0.6263884146715764,-1.0,-1.0,9,0.8888888888888888,0.7777777777777778
18,18 — Производство спецодежды,2014-2022,2014,2022,9,"2014,2015,2016,2017,2018,2019,2020,2021,2022",oscillatory,interpretable,structural_m1_m2,M3_lag1_lag2,6,0.10549922498857855,0.46329953499314713,Lag_1,Lag_1,,-0.872984026903822,0.43037212969942384,,-1.2422687755382644e-05,5.154914418561447e-06,-7.267773336821197e-06,2.149484929765914,0.6441461891814722,,-1.0,9,0.7777777777777778,1.0
20,"20 — Производство клееной фанеры, древесных плит и па",2014-2019,2014,2019,6,"2014,2015,2016,2017,2018,2019",monotone_growth,collinearity_heavy,enter_beta_bsum,M1_current,5,-0.3201197120163397,0.009910215987745108,X_n,X_n,0.09955006774354962,,,2.6588663926990037e-07,,,0.0,1.0,0.0,1.0,,6,1.0,0.0
20,"20 — Производство клееной фанеры, древесных плит и па",2014-2019,2014,2019,6,"2014,2015,2016,2017,2018,2019",monotone_growth,collinearity_heavy,enter_beta_bsum,M1_lag1,4,-0.2752258293282881,0.14984944711447468,Lag_1,Lag_1,,-0.38710392288696177,,,-2.0471976769139885e-06,,-2.0471976769139885e-06,1.0,0.0,,-1.0,0,,
20,"20 — Производство клееной фанеры, древесных плит и па",2014-2019,2014,2019,6,"2014,2015,2016,2017,2018,2019",monotone_growth,collinearity_heavy,enter_beta_bsum,M2_current_lag1,4,0.8833140201506396,0.9611046733835465,Lag_1,Lag_1,3.741389263882085,-4.0184588212166545,,8.994981529035624e-06,-2.1251604742769543e-05,,-2.1251604742769543e-05,8.1855979579773,0.9705899713203807,1.0,-1.0,0,,
20,"20 — Производство клееной фанеры, древесных плит и па",2014-2022,2014,2022,9,"2014,2015,2016,2017,2018,2019,2020,2021,2022",shock_transition,interpretable,phase_trajectory,M1_current,8,-0.16656075012794935,9.078560461484031e-05,X_n,X_n,-0.009528148016007286,,,-3.4409906692125105e-08,,,0.0,1.0,0.0,-1.0,,9,1.0,0.0
20,"20 — Производство клееной фанеры, древесных плит и па",2014-2022,2014,2022,9,"2014,2015,2016,2017,2018,2019,2020,2021,2022",shock_transition,interpretable,phase_trajectory,M1_lag1,7,-0.07658743863653017,0.10284380113622482,Lag_1,Lag_1,,0.3206926895584378,,,2.283332628453466e-06,,2.283332628453466e-06,1.0,0.0,,1.0,9,1.0,1.0
20,"20 — Производство клееной фанеры, древесных плит и па",2014-2022,2014,2022,9,"2014,2015,2016,2017,2018,2019,2020,2021,2022",shock_transition,interpretable,phase_trajectory,M2_current_lag1,7,-0.20136330896619992,0.19909112735586676,Lag_1,Lag_1,-0.3641979747142402,0.5114617608627564,,-1.360004126612488e-06,3.6416088199334776e-06,,3.6416088199334776e-06,1.788845606659528,0.5238059641984589,-1.0,1.0,9,0.8888888888888888,1.0
20,"20 — Производство клееной фанеры, древесных плит и па",2014-2022,2014,2022,9,"2014,2015,2016,2017,2018,2019,2020,2021,2022",shock_transition,interpretable,phase_trajectory,M3_lag1_lag2,6,-0.3320899069278809,0.20074605584327154,Lag_2,Lag_2,,-0.16523946564548253,0.5604222372475784,,-1.2810018888372139e-06,3.979114668796996e-06,2.6981127799597823e-06,2.703633397913775,0.759315499547602,,-1.0,9,0.6666666666666666,0.6666666666666666
21,"21 — Производство гофрированного картона, бумажной и ",2014-2019,2014,2019,6,"2014,2015,2016,2017,2018,2019",oscillatory,interpretable,structural_m1_m2,M1_current,5,-0.06450540034186236,0.20162094974360312,X_n,X_n,-0.44902221520054314,,,-2.7398244686768863e-06,,,0.0,1.0,0.0,-1.0,,6,1.0,0.0
21,"21 — Производство гофрированного картона, бумажной и ",2014-2019,2014,2019,6,"2014,2015,2016,2017,2018,2019",oscillatory,interpretable,structural_m1_m2,M1_lag1,4,0.06587256822156196,0.3772483788143747,Lag_1,Lag_1,,0.6142054858224361,,,4.322473529952009e-06,,4.322473529952009e-06,1.0,0.0,,1.0,0,,
21,"21 — Производство гофрированного картона, бумажной и ",2014-2019,2014,2019,6,"2014,2015,2016,2017,2018,2019",oscillatory,interpretable,structural_m1_m2,M2_current_lag1,4,-0.7740589107198872,0.40864702976003764,Lag_1,Lag_1,0.19545350745587084,0.6966883484736499,,1.3324368352380906e-06,4.902947001313368e-06,,4.902947001313368e-06,1.568519372047271,0.42200758494874685,1.0,1.0,0,,
21,"21 — Производство гофрированного картона, бумажной и ",2014-2022,2014,2022,9,"2014,2015,2016,2017,2018,2019,2020,2021,2022",monotone_growth,interpretable,structural_m1_m2,M1_current,8,-0.16183009441905982,0.00414563335509166,X_n,X_n,0.06438659297626846,,,1.1720940967477864e-07,,,0.0,1.0,0.0,1.0,,9,1.0,0.0
21,"21 — Производство гофрированного картона, бумажной и ",2014-2022,2014,2022,9,"2014,2015,2016,2017,2018,2019,2020,2021,2022",monotone_growth,interpretable,structural_m1_m2,M1_lag1,7,0.15793175535919612,0.29827646279933007,Lag_1,Lag_1,,0.5461469241873748,,,1.3511054542311627e-06,,1.3511054542311627e-06,1.0,0.0,,1.0,9,1.0,1.0
21,"21 — Производство гофрированного картона, бумажной и ",2014-2022,2014,2022,9,"2014,2015,2016,2017,2018,2019,2020,2021,2022",monotone_growth,interpretable,structural_m1_m2,M2_current_lag1,7,0.11085019313086542,0.40723346208724365,Lag_1,Lag_1,-0.7172939222165633,1.1829778056315046,,-1.2917148073022162e-06,2.926552718027897e-06,,2.926552718027897e-06,4.102335035947895,0.8878241704268337,-1.0,1.0,9,0.8888888888888888,0.8888888888888888
21,"21 — Производство гофрированного картона, бумажной и ",2014-2022,2014,2022,9,"2014,2015,2016,2017,2018,2019,2020,2021,2022",monotone_growth,interpretable,structural_m1_m2,M3_lag1_lag2,6,-0.42916828024918385,0.14249903185048973,Lag_2,Lag_2,,-0.1338361457871204,0.4688812161512991,,-1.3107465084216786e-07,5.589805670363523e-07,4.2790591619418445e-07,2.70178518150777,0.7590257846327005,,-1.0,9,0.4444444444444444,0.2222222222222222
22,"22 — Полиграфическая деятельность, не включенная в др",2014-2019,2014,2019,6,"2014,2015,2016,2017,2018,2019",plateau_like,low_dispersion,do_not_read_regression,M1_current,5,-0.1633985567193874,0.12745108246045944,X_n,X_n,0.3570029165993739,,,1.242487578977276e-05,,,0.0,1.0,0.0,1.0,,6,1.0,0.0
22,"22 — Полиграфическая деятельность, не включенная в др",2014-2019,2014,2019,6,"2014,2015,2016,2017,2018,2019",plateau_like,low_dispersion,do_not_read_regression,M1_lag1,4,-0.49280111127739135,0.004799259148405732,Lag_1,Lag_1,,0.06927668546059224,,,2.4383500955284166e-06,,2.4383500955284166e-06,1.0,0.0,,1.0,0,,
22,"22 — Полиграфическая деятельность, не включенная в др",2014-2019,2014,2019,6,"2014,2015,2016,2017,2018,2019",plateau_like,low_dispersion,do_not_read_regression,M2_current_lag1,4,0.4348539268409194,0.8116179756136398,X_n,X_n,0.9171115134179483,-0.11585789147879344,,1.6013655503611407e-05,-4.0778813085068975e-06,,-4.0778813085068975e-06,1.2271300320101528,0.20186702950594804,1.0,-1.0,0,,
22,"22 — Полиграфическая деятельность, не включенная в др",2014-2022,2014,2022,9,"2014,2015,2016,2017,2018,2019,2020,2021,2022",oscillatory,interpretable,structural_m1_m2,M1_current,8,0.24764883260724146,0.35512757080620705,X_n,X_n,-0.5959258098171342,,,-2.2635774479897426e-05,,,0.0,1.0,0.0,-1.0,,9,1.0,0.0
22,"22 — Полиграфическая деятельность, не включенная в др",2014-2022,2014,2022,9,"2014,2015,2016,2017,2018,2019,2020,2021,2022",oscillatory,interpretable,structural_m1_m2,M1_lag1,7,-0.13263192537396273,0.056140062188364426,Lag_1,Lag_1,,-0.23693894189930995,,,-8.905884588106958e-06,,-8.905884588106958e-06,1.0,0.0,,-1.0,9,1.0,1.0
22,"22 — Полиграфическая деятельность, не включенная в др",2014-2022,2014,2022,9,"2014,2015,2016,2017,2018,2019,2020,2021,2022",oscillatory,interpretable,structural_m1_m2,M2_current_lag1,7,0.12306694825621056,0.4153779655041404,X_n,X_n,-0.6552369659411738,0.027820530490290263,,-2.505675694961788e-05,1.0456973925026068e-06,,1.0456973925026068e-06,1.5349529559718715,0.4040667516511422,-1.0,1.0,9,1.0,0.3333333333333333
22,"22 — Полиграфическая деятельность, не включенная в др",2014-2022,2014,2022,9,"2014,2015,2016,2017,2018,2019,2020,2021,2022",oscillatory,interpretable,structural_m1_m2,M3_lag1_lag2,6,-0.29603304199680824,0.22238017480191508,Lag_2,Lag_2,,0.8393695503696775,-1.1523965733763433,,3.219395379748588e-05,-8.565054159198656e-05,-5.345658779450068e-05,5.486701976658672,0.9356993788153964,,1.0,9,0.7777777777777778,0.6666666666666666
24,24 — Производство прочих фармацевтических продуктов и,2014-2019,2014,2019,6,"2014,2015,2016,2017,2018,2019",plateau_like,low_dispersion,do_not_read_regression,M1_current,5,0.16003000841783954,0.37002250631337963,X_n,X_n,-0.6082947528241391,,,-1.3244909181745393e-06,,,0.0,1.0,0.0,-1.0,,6,1.0,0.0
24,24 — Производство прочих фармацевтических продуктов и,2014-2019,2014,2019,6,"2014,2015,2016,2017,2018,2019",plateau_like,low_dispersion,do_not_read_regression,M1_lag1,4,0.11328141496182098,0.408854276641214,Lag_1,Lag_1,,-0.6394171382135558,,,-2.186747415905719e-06,,-2.186747415905719e-06,1.0,0.0,,-1.0,0,,
24,24 — Производство прочих фармацевтических продуктов и,2014-2019,2014,2019,6,"2014,2015,2016,2017,2018,2019",plateau_like,low_dispersion,do_not_read_regression,M2_current_lag1,4,-0.5624698671393131,0.4791767109535623,X_n,X_n,-2.533350541440432,1.8800158399591487,,-7.151624518460969e-06,6.429480122128712e-06,,6.429480122128712e-06,19.053893954070077,0.9945062623430653,-1.0,1.0,0,,
24,24 — Производство прочих фармацевтических продуктов и,2014-2022,2014,2022,9,"2014,2015,2016,2017,2018,2019,2020,2021,2022",monotone_growth,collinearity_heavy,enter_beta_bsum,M1_current,8,-0.02656631657963815,0.12008601436031019,X_n,X_n,0.3465342903095022,,,6.421623093092981e-07,,,0.0,1.0,0.0,1.0,,9,1.0,0.0
24,24 — Производство прочих фармацевтических продуктов и,2014-2022,2014,2022,9,"2014,2015,2016,2017,2018,2019,2020,2021,2022",monotone_growth,collinearity_heavy,enter_beta_bsum,M1_lag1,7,-0.06245308892294443,0.11462242589754634,Lag_1,Lag_1,,0.33855933881307504,,,1.1481921947382086e-06,,1.1481921947382086e-06,1.0,0.0,,1.0,9,1.0,1.0
24,24 — Производство прочих фармацевтических продуктов и,2014-2022,2014,2022,9,"2014,2015,2016,2017,2018,2019,2020,2021,2022",monotone_growth,collinearity_heavy,enter_beta_bsum,M2_current_lag1,7,-0.32540593925927985,0.11639604049381347,Lag_1,Lag_1,-0.11485727116457278,0.4454170860432365,,-2.2514457506456868e-07,1.510590206700075e-06,,1.510590206700075e-06,5.26460127931438,0.9303524813596766,-1.0,1.0,9,0.6666666666666666,0.7777777777777778
24,24 — Производство прочих фармацевтических продуктов и,2014-2022,2014,2022,9,"2014,2015,2016,2017,2018,2019,2020,2021,2022",monotone_growth,collinearity_heavy,enter_beta_bsum,M3_lag1_lag2,6,0.2931776183585141,0.5759065710151084,Lag_2,Lag_2,,-0.5384863593905278,1.0620892453052793,,-2.0021686494877713e-06,6.651565194188197e-06,4.649396544700426e-06,2.5654373087307367,0.7361988673342607,,-1.0,9,0.8888888888888888,0.8888888888888888
25,"25 — Производство пластмассовых плит, полос, труб и п",2014-2019,2014,2019,6,"2014,2015,2016,2017,2018,2019",oscillatory,interpretable,structural_m1_m2,M1_current,5,0.792730296251781,0.8445477221888358,X_n,X_n,-0.9189927759176546,,,-7.686488607406675e-06,,,0.0,1.0,0.0,-1.0,,6,1.0,0.0
25,"25 — Производство пластмассовых плит, полос, труб и п",2014-2019,2014,2019,6,"2014,2015,2016,2017,2018,2019",oscillatory,interpretable,structural_m1_m2,M1_lag1,4,-0.32933899825634594,0.11377400116243597,Lag_1,Lag_1,,-0.3373040188945814,,,-2.6048314254806844e-06,,-2.6048314254806844e-06,1.0,0.0,,-1.0,0,,
25,"25 — Производство пластмассовых плит, полос, труб и п",2014-2019,2014,2019,6,"2014,2015,2016,2017,2018,2019",oscillatory,interpretable,structural_m1_m2,M2_current_lag1,4,0.8780370078484778,0.9593456692828259,X_n,X_n,-1.2017409359781948,0.43639463632291126,,-1.5114091611186229e-05,3.370059053344404e-06,,3.370059053344404e-06,2.148268408905628,0.6438148456578259,-1.0,1.0,0,,
25,"25 — Производство пластмассовых плит, полос, труб и п",2014-2022,2014,2022,9,"2014,2015,2016,2017,2018,2019,2020,2021,2022",oscillatory,interpretable,structural_m1_m2,M1_current,8,-0.16512905633208508,0.0013179517153556475,X_n,X_n,-0.03630360471572491,,,-2.647222302845075e-07,,,0.0,1.0,0.0,-1.0,,9,1.0,0.0
25,"25 — Производство пластмассовых плит, полос, труб и п",2014-2022,2014,2022,9,"2014,2015,2016,2017,2018,2019,2020,2021,2022",oscillatory,interpretable,structural_m1_m2,M1_lag1,7,-0.18997896782467927,0.008350860146100647,Lag_1,Lag_1,,0.09138304080134765,,,9.483410273754488e-07,,9.483410273754488e-07,1.0,0.0,,1.0,9,1.0,0.7777777777777778
25,"25 — Производство пластмассовых плит, полос, труб и п",2014-2022,2014,2022,9,"2014,2015,2016,2017,2018,2019,2020,2021,2022",oscillatory,interpretable,structural_m1_m2,M2_current_lag1,7,-0.38521799781654864,0.07652133478896761,X_n,X_n,0.293457930729959,-0.04258368068366375,,2.7582244926228128e-06,-4.4191844717404246e-07,,-4.4191844717404246e-07,1.6370479792754626,0.45651082303953144,1.0,-1.0,9,0.5555555555555556,0.3333333333333333
25,"25 — Производство пластмассовых плит, полос, труб и п",2014-2022,2014,2022,9,"2014,2015,2016,2017,2018,2019,2020,2021,2022",oscillatory,interpretable,structural_m1_m2,M3_lag1_lag2,6,-0.18278574175681794,0.29032855494590926,Lag_2,Lag_2,,0.16362489377601233,0.4312667293276779,,3.4864012596857975e-06,4.589336070617107e-06,8.075737330302904e-06,1.8548265081847959,0.5495882378367654,,1.0,9,0.6666666666666666,0.6666666666666666
26,26 — Производство изделий из бетона для использования,2014-2019,2014,2019,6,"2014,2015,2016,2017,2018,2019",monotone_decline,interpretable,structural_m1_m2,M1_current,5,0.4103538329536297,0.5577653747152223,X_n,X_n,-0.7468369130641723,,,-2.2241909375669893e-06,,,0.0,1.0,0.0,-1.0,,6,1.0,0.0
26,26 — Производство изделий из бетона для использования,2014-2019,2014,2019,6,"2014,2015,2016,2017,2018,2019",monotone_decline,interpretable,structural_m1_m2,M1_lag1,4,0.29509328917406374,0.5300621927827092,Lag_1,Lag_1,,-0.728053701853585,,,-2.2176827174958805e-06,,-2.2176827174958805e-06,1.0,0.0,,-1.0,0,,
26,26 — Производство изделий из бетона для использования,2014-2019,2014,2019,6,"2014,2015,2016,2017,2018,2019",monotone_decline,interpretable,structural_m1_m2,M2_current_lag1,4,0.9971732895148949,0.9990577631716316,X_n,X_n,-0.8348888218684519,-0.25051441080836756,,-3.684550290646005e-06,-7.630776107846861e-07,,-7.630776107846861e-07,1.9164220282506472,0.5719795001884219,-1.0,-1.0,0,,
26,26 — Производство изделий из бетона для использования,2014-2022,2014,2022,9,"2014,2015,2016,2017,2018,2019,2020,2021,2022",oscillatory,interpretable,structural_m1_m2,M1_current,8,0.0506992920029381,0.18631367885966132,X_n,X_n,-0.43164068258177557,,,-2.1279648519176758e-06,,,0.0,1.0,0.0,-1.0,,9,1.0,0.0
26,26 — Производство изделий из бетона для использования,2014-2022,2014,2022,9,"2014,2015,2016,2017,2018,2019,2020,2021,2022",oscillatory,interpretable,structural_m1_m2,M1_lag1,7,0.304575416815105,0.42047951401258754,Lag_1,Lag_1,,-0.6484439173996372,,,-3.1315231778426437e-06,,-3.1315231778426437e-06,1.0,0.0,,-1.0,9,1.0,1.0
26,26 — Производство изделий из бетона для использования,2014-2022,2014,2022,9,"2014,2015,2016,2017,2018,2019,2020,2021,2022",oscillatory,interpretable,structural_m1_m2,M2_current_lag1,7,0.1579376874916929,0.43862512499446193,Lag_1,Lag_1,-0.14807204273289876,-0.5869644992402299,,-1.031278364858585e-06,-2.834621290477398e-06,,-2.834621290477398e-06,1.5556249317724646,0.41519936528671886,-1.0,-1.0,9,0.5555555555555556,0.7777777777777778
26,26 — Производство изделий из бетона для использования,2014-2022,2014,2022,9,"2014,2015,2016,2017,2018,2019,2020,2021,2022",oscillatory,interpretable,structural_m1_m2,M3_lag1_lag2,6,-0.5567863978502252,0.0659281612898649,Lag_1,Lag_1,,-0.30924025054383963,0.13178363104278074,,-1.590756913756218e-06,4.668486778928047e-07,-1.1239082358634134e-06,1.9322432851326432,0.5774853889624981,,-1.0,9,0.6666666666666666,0.7777777777777778
28,28 — Производство строительных металлических конструк,2014-2019,2014,2019,6,"2014,2015,2016,2017,2018,2019",oscillatory,interpretable,structural_m1_m2,M1_current,5,0.46300529837047166,0.5972539737778537,X_n,X_n,-0.7728220841680532,,,-1.319271751275115e-05,,,0.0,1.0,0.0,-1.0,,6,1.0,0.0
28,28 — Производство строительных металлических конструк,2014-2019,2014,2019,6,"2014,2015,2016,2017,2018,2019",oscillatory,interpretable,structural_m1_m2,M1_lag1,4,0.15649954418945944,0.437666362792973,Lag_1,Lag_1,,-0.6615635742640107,,,-1.543417541655929e-05,,-1.543417541655929e-05,1.0,0.0,,-1.0,0,,
28,28 — Производство строительных металлических конструк,2014-2019,2014,2019,6,"2014,2015,2016,2017,2018,2019",oscillatory,interpretable,structural_m1_m2,M2_current_lag1,4,0.7229035709925349,0.9076345236641783,X_n,Lag_1,-0.6927183150759592,-0.5621125653678186,,-1.1830121978519265e-05,-1.311399882829224e-05,,-1.311399882829224e-05,1.155536857390628,0.14356630499265358,-1.0,-1.0,0,,
28,28 — Производство строительных металлических конструк,2014-2022,2014,2022,9,"2014,2015,2016,2017,2018,2019,2020,2021,2022",oscillatory,interpretable,structural_m1_m2,M1_current,8,-0.08021765474521869,0.07409915307552684,X_n,X_n,-0.272211596144483,,,-3.531823561417119e-06,,,0.0,1.0,0.0,-1.0,,9,1.0,0.0
28,28 — Производство строительных металлических конструк,2014-2022,2014,2022,9,"2014,2015,2016,2017,2018,2019,2020,2021,2022",oscillatory,interpretable,structural_m1_m2,M1_lag1,7,0.06631911192990114,0.22193259327491754,Lag_1,Lag_1,,-0.47109722274167315,,,-8.402080784098039e-06,,-8.402080784098039e-06,1.0,0.0,,-1.0,9,1.0,0.5555555555555556
28,28 — Производство строительных металлических конструк,2014-2022,2014,2022,9,"2014,2015,2016,2017,2018,2019,2020,2021,2022",oscillatory,interpretable,structural_m1_m2,M2_current_lag1,7,0.062459908714541434,0.3749732724763609,Lag_1,Lag_1,-0.4004159060174823,-0.5564917107977394,,-5.097963041675451e-06,-9.925102683883686e-06,,-9.925102683883686e-06,1.2418334683188192,0.21326447519379563,-1.0,-1.0,9,0.4444444444444444,0.8888888888888888
28,28 — Производство строительных металлических конструк,2014-2022,2014,2022,9,"2014,2015,2016,2017,2018,2019,2020,2021,2022",oscillatory,interpretable,structural_m1_m2,M3_lag1_lag2,6,0.043855867392250336,0.4263135204353502,Lag_2,Lag_2,,-0.35979167245428545,0.4679792638696675,,-5.925705368320209e-06,7.678540003218546e-06,1.7528346348983373e-06,1.2654957707066243,0.23120671722213226,,-1.0,9,0.6666666666666666,0.5555555555555556
29,29 — Производство машин и оборудования для изготовлен,2014-2019,2014,2019,6,"2014,2015,2016,2017,2018,2019",monotone_growth,interpretable,structural_m1_m2,M1_current,5,0.22494969007175614,0.4187122675538171,X_n,X_n,-0.6470797999890101,,,-3.323783988086773e-06,,,0.0,1.0,0.0,-1.0,,6,1.0,0.0
29,29 — Производство машин и оборудования для изготовлен,2014-2019,2014,2019,6,"2014,2015,2016,2017,2018,2019",monotone_growth,interpretable,structural_m1_m2,M1_lag1,4,-0.4230754371921637,0.05128304187189081,Lag_1,Lag_1,,-0.22645759398150225,,,-2.3059811085267483e-06,,-2.3059811085267483e-06,1.0,0.0,,-1.0,0,,
29,29 — Производство машин и оборудования для изготовлен,2014-2019,2014,2019,6,"2014,2015,2016,2017,2018,2019",monotone_growth,interpretable,structural_m1_m2,M2_current_lag1,4,0.6402497291743511,0.880083243058117,X_n,Lag_1,-1.6841088484640825,1.1903777571757141,,-1.0939458674047682e-05,1.212142446537631e-05,,1.212142446537631e-05,3.406191237843616,0.841296779866324,-1.0,1.0,0,,
29,29 — Производство машин и оборудования для изготовлен,2014-2022,2014,2022,9,"2014,2015,2016,2017,2018,2019,2020,2021,2022",monotone_growth,interpretable,structural_m1_m2,M1_current,8,0.08152637270370833,0.21273689088889292,X_n,X_n,0.4612340955403152,,,1.8272548294311226e-06,,,0.0,1.0,0.0,1.0,,9,1.0,0.0
29,29 — Производство машин и оборудования для изготовлен,2014-2022,2014,2022,9,"2014,2015,2016,2017,2018,2019,2020,2021,2022",monotone_growth,interpretable,structural_m1_m2,M1_lag1,7,0.3445835378791514,0.4538196148992928,Lag_1,Lag_1,,0.6736613503083673,,,3.956643348737352e-06,,3.956643348737352e-06,1.0,0.0,,1.0,9,1.0,1.0
29,29 — Производство машин и оборудования для изготовлен,2014-2022,2014,2022,9,"2014,2015,2016,2017,2018,2019,2020,2021,2022",monotone_growth,interpretable,structural_m1_m2,M2_current_lag1,7,0.19467565266425957,0.46311710177617305,Lag_1,Lag_1,-0.1625183729032111,0.8044846458417974,,-7.396763912776005e-07,4.72501327510363e-06,,4.72501327510363e-06,3.0422224772698203,0.8049754202950483,-1.0,1.0,9,0.7777777777777778,1.0
29,29 — Производство машин и оборудования для изготовлен,2014-2022,2014,2022,9,"2014,2015,2016,2017,2018,2019,2020,2021,2022",monotone_growth,interpretable,structural_m1_m2,M3_lag1_lag2,6,0.179916180563088,0.5079497083378528,Lag_1,Lag_1,,0.7061840311723386,0.010630788438347194,,5.04717949519465e-06,8.260025695088336e-08,5.129779752145534e-06,2.0279083955536223,0.6087952575516747,,1.0,9,0.6666666666666666,0.8888888888888888
31,"31 — Предоставление услуг по монтажу, ремонту и техни",2014-2019,2014,2019,6,"2014,2015,2016,2017,2018,2019",shock_transition,interpretable,phase_trajectory,M1_current,5,0.027382368532903878,0.2705367763996779,X_n,X_n,-0.5201314991419743,,,-9.338776305027207e-06,,,0.0,1.0,0.0,-1.0,,6,1.0,0.0
31,"31 — Предоставление услуг по монтажу, ремонту и техни",2014-2019,2014,2019,6,"2014,2015,2016,2017,2018,2019",shock_transition,interpretable,phase_trajectory,M1_lag1,4,0.35188438330238636,0.5679229222015909,Lag_1,Lag_1,,-0.753606609711984,,,-1.276928170820123e-05,,-1.276928170820123e-05,1.0,0.0,,-1.0,0,,
31,"31 — Предоставление услуг по монтажу, ремонту и техни",2014-2019,2014,2019,6,"2014,2015,2016,2017,2018,2019",shock_transition,interpretable,phase_trajectory,M2_current_lag1,4,-0.06519562969635762,0.6449347901012141,Lag_1,Lag_1,-0.281889145712295,-0.7041129477866038,,-6.493938931932762e-06,-1.1930649849415911e-05,,-1.1930649849415911e-05,1.1941287224475778,0.17557845939870007,-1.0,-1.0,0,,
31,"31 — Предоставление услуг по монтажу, ремонту и техни",2014-2022,2014,2022,9,"2014,2015,2016,2017,2018,2019,2020,2021,2022",monotone_growth,interpretable,structural_m1_m2,M1_current,8,0.16366844924634827,0.28314438506829853,X_n,X_n,-0.5321131318322246,,,-8.598124262086221e-06,,,0.0,1.0,0.0,-1.0,,9,1.0,0.0
31,"31 — Предоставление услуг по монтажу, ремонту и техни",2014-2022,2014,2022,9,"2014,2015,2016,2017,2018,2019,2020,2021,2022",monotone_growth,interpretable,structural_m1_m2,M1_lag1,7,0.48455372436786026,0.5704614369732168,Lag_1,Lag_1,,-0.7552889758054308,,,-1.2252160122681741e-05,,-1.2252160122681741e-05,1.0,0.0,,-1.0,9,1.0,1.0
31,"31 — Предоставление услуг по монтажу, ремонту и техни",2014-2022,2014,2022,9,"2014,2015,2016,2017,2018,2019,2020,2021,2022",monotone_growth,interpretable,structural_m1_m2,M2_current_lag1,7,0.47029770237000146,0.6468651349133343,Lag_1,Lag_1,-0.29530923181488317,-0.651347432354418,,-4.830957390130998e-06,-1.0566039346984675e-05,,-1.0566039346984675e-05,1.4444036547804704,0.35197525933144325,-1.0,-1.0,9,0.8888888888888888,1.0
31,"31 — Предоставление услуг по монтажу, ремонту и техни",2014-2022,2014,2022,9,"2014,2015,2016,2017,2018,2019,2020,2021,2022",monotone_growth,interpretable,structural_m1_m2,M3_lag1_lag2,6,0.29023089884032316,0.5741385393041939,Lag_1,Lag_1,,-0.7636934810181315,0.01043074667171065,,-1.1620866574916657e-05,2.0981512312816964e-07,-1.1411051451788488e-05,1.931810349645373,0.5773360155471557,,-1.0,9,1.0,1.0
36,36 — Производство мебели для офисов и предприятий тор,2014-2019,2014,2019,6,"2014,2015,2016,2017,2018,2019",oscillatory,interpretable,structural_m1_m2,M1_current,5,0.3557010420582696,0.5167757815437022,X_n,X_n,-0.7188711856401692,,,-9.611703268699606e-06,,,0.0,1.0,0.0,-1.0,,6,1.0,0.0
36,36 — Производство мебели для офисов и предприятий тор,2014-2019,2014,2019,6,"2014,2015,2016,2017,2018,2019",oscillatory,interpretable,structural_m1_m2,M1_lag1,4,-0.4704177174783204,0.019721521681119736,Lag_1,Lag_1,,-0.14043333536279712,,,-1.8462217519117293e-06,,-1.8462217519117293e-06,1.0,0.0,,-1.0,0,,
36,36 — Производство мебели для офисов и предприятий тор,2014-2019,2014,2019,6,"2014,2015,2016,2017,2018,2019",oscillatory,interpretable,structural_m1_m2,M2_current_lag1,4,-0.1417683446016802,0.6194105517994399,X_n,X_n,-0.7972838269786137,-0.3300974348738644,,-1.1913271669368153e-05,-4.339660971093329e-06,,-4.339660971093329e-06,1.2744746064418178,0.23788780493618952,-1.0,-1.0,0,,
36,36 — Производство мебели для офисов и предприятий тор,2014-2022,2014,2022,9,"2014,2015,2016,2017,2018,2019,2020,2021,2022",oscillatory,interpretable,structural_m1_m2,M1_current,8,0.25750106914632054,0.3635723449825605,X_n,X_n,-0.6029696053554944,,,-7.693798059057536e-06,,,0.0,1.0,0.0,-1.0,,9,1.0,0.0
36,36 — Производство мебели для офисов и предприятий тор,2014-2022,2014,2022,9,"2014,2015,2016,2017,2018,2019,2020,2021,2022",oscillatory,interpretable,structural_m1_m2,M1_lag1,7,-0.06329504917838791,0.11392079235134334,Lag_1,Lag_1,,-0.33752154353662067,,,-4.549634536340694e-06,,-4.549634536340694e-06,1.0,0.0,,-1.0,9,1.0,1.0
36,36 — Производство мебели для офисов и предприятий тор,2014-2022,2014,2022,9,"2014,2015,2016,2017,2018,2019,2020,2021,2022",oscillatory,interpretable,structural_m1_m2,M2_current_lag1,7,0.2720298307107728,0.5146865538071819,X_n,X_n,-0.6348213740828258,-0.3847699883424359,,-8.454482169833546e-06,-5.186521752559541e-06,,-5.186521752559541e-06,1.077416263776479,0.07442793632158157,-1.0,-1.0,9,0.8888888888888888,1.0
36,36 — Производство мебели для офисов и предприятий тор,2014-2022,2014,2022,9,"2014,2015,2016,2017,2018,2019,2020,2021,2022",oscillatory,interpretable,structural_m1_m2,M3_lag1_lag2,6,-0.5604936412440338,0.06370381525357971,Lag_1,Lag_1,,-0.22973904722053143,-0.09346092721879286,,-2.6732429898810698e-06,-1.1358224674146532e-06,-3.809065457295723e-06,1.0523384130392246,0.050970538635207105,,-1.0,9,0.5555555555555556,1.0
40,40 — Производство пара и горячей воды (тепловой энерг,2014-2019,2014,2019,6,"2014,2015,2016,2017,2018,2019",plateau_like,low_dispersion,do_not_read_regression,M1_current,5,-0.1873879572974655,0.10945903202690077,X_n,X_n,-0.3308459339736559,,,-9.733705032626206e-07,,,0.0,1.0,0.0,-1.0,,6,1.0,0.0
40,40 — Производство пара и горячей воды (тепловой энерг,2014-2019,2014,2019,6,"2014,2015,2016,2017,2018,2019",plateau_like,low_dispersion,do_not_read_regression,M1_lag1,4,0.875940417814651,0.917293611876434,Lag_1,Lag_1,,-0.9577544632505948,,,-2.6744590146918325e-06,,-2.6744590146918325e-06,1.0,0.0,,-1.0,0,,
40,40 — Производство пара и горячей воды (тепловой энерг,2014-2019,2014,2019,6,"2014,2015,2016,2017,2018,2019",plateau_like,low_dispersion,do_not_read_regression,M2_current_lag1,4,0.9959646542173287,0.9986548847391096,Lag_1,Lag_1,-0.4149242232384057,-0.6564226890094463,,-8.710332718378161e-07,-1.833012160665052e-06,,-1.833012160665052e-06,2.5110733814114883,0.7262332670994973,-1.0,-1.0,0,,
40,40 — Производство пара и горячей воды (тепловой энерг,2014-2022,2014,2022,9,"2014,2015,2016,2017,2018,2019,2020,2021,2022",oscillatory,interpretable,structural_m1_m2,M1_current,8,-0.09773813528666397,0.05908159832571669,X_n,X_n,-0.2430670654895818,,,-6.736673315180325e-07,,,0.0,1.0,0.0,-1.0,,9,1.0,0.0
40,40 — Производство пара и горячей воды (тепловой энерг,2014-2022,2014,2022,9,"2014,2015,2016,2017,2018,2019,2020,2021,2022",oscillatory,interpretable,structural_m1_m2,M1_lag1,7,0.011760582165739941,0.17646715180478323,Lag_1,Lag_1,,-0.42007993501806706,,,-1.3043195600932316e-06,,-1.3043195600932316e-06,1.0,0.0,,-1.0,9,1.0,1.0
40,40 — Производство пара и горячей воды (тепловой энерг,2014-2022,2014,2022,9,"2014,2015,2016,2017,2018,2019,2020,2021,2022",oscillatory,interpretable,structural_m1_m2,M2_current_lag1,7,-0.008627033382472504,0.3275819777450183,X_n,X_n,-0.521605984927743,-0.07228980063785578,,-1.3342446864440028e-06,-2.2445490276306776e-07,,-2.2445490276306776e-07,2.236475575896301,0.666767913769989,-1.0,-1.0,9,1.0,0.4444444444444444
40,40 — Производство пара и горячей воды (тепловой энерг,2014-2022,2014,2022,9,"2014,2015,2016,2017,2018,2019,2020,2021,2022",oscillatory,interpretable,structural_m1_m2,M3_lag1_lag2,6,-0.05638926021119528,0.3661664438732829,Lag_1,Lag_1,,-0.8785339098175954,0.7251955774160411,,-2.838921874633603e-06,2.194769590815457e-06,-6.441522838181461e-07,2.5371929786245664,0.7310869488266483,,-1.0,9,0.3333333333333333,1.0
41,41 — Распределение воды,2014-2019,2014,2019,6,"2014,2015,2016,2017,2018,2019",plateau_like,low_dispersion,do_not_read_regression,M1_current,5,-0.05198900323497346,0.2110082475737698,X_n,X_n,-0.45935634051765273,,,-9.247985849101791e-07,,,0.0,1.0,0.0,-1.0,,6,1.0,0.0
41,41 — Распределение воды,2014-2019,2014,2019,6,"2014,2015,2016,2017,2018,2019",plateau_like,low_dispersion,do_not_read_regression,M1_lag1,4,-0.3695726813443767,0.08695154577041553,Lag_1,Lag_1,,-0.29487547502363687,,,-6.696283328830291e-07,,-6.696283328830291e-07,1.0,0.0,,-1.0,0,,
41,41 — Распределение воды,2014-2019,2014,2019,6,"2014,2015,2016,2017,2018,2019",plateau_like,low_dispersion,do_not_read_regression,M2_current_lag1,4,-0.23640621118021787,0.5878645962732607,X_n,X_n,-1.8773219700982327,1.4439243204993144,,-6.059055721810623e-06,3.278986275368303e-06,,3.278986275368303e-06,5.109305517934276,0.9262128836813047,-1.0,1.0,0,,
41,41 — Распределение воды,2014-2022,2014,2022,9,"2014,2015,2016,2017,2018,2019,2020,2021,2022",plateau_like,low_dispersion,do_not_read_regression,M1_current,8,0.04900794421633303,0.1848639521854284,X_n,X_n,-0.42995808189337253,,,-6.61592273262309e-07,,,0.0,1.0,0.0,-1.0,,9,1.0,0.0
41,41 — Распределение воды,2014-2022,2014,2022,9,"2014,2015,2016,2017,2018,2019,2020,2021,2022",plateau_like,low_dispersion,do_not_read_regression,M1_lag1,7,-0.14340373486838098,0.04716355427634922,Lag_1,Lag_1,,-0.2171717161058257,,,-3.7159646328266935e-07,,-3.7159646328266935e-07,1.0,0.0,,-1.0,9,1.0,0.6666666666666666
41,41 — Распределение воды,2014-2022,2014,2022,9,"2014,2015,2016,2017,2018,2019,2020,2021,2022",plateau_like,low_dispersion,do_not_read_regression,M2_current_lag1,7,-0.022760661930065984,0.3181595587132894,X_n,X_n,-1.4276968071392564,1.1122349818909476,,-2.902655825606251e-06,1.9031142407538138e-06,,1.9031142407538138e-06,5.29628840875387,0.9311547741432364,-1.0,1.0,9,0.7777777777777778,1.0
41,41 — Распределение воды,2014-2022,2014,2022,9,"2014,2015,2016,2017,2018,2019,2020,2021,2022",plateau_like,low_dispersion,do_not_read_regression,M3_lag1_lag2,6,-0.4011842823072236,0.15928943061566592,Lag_2,Lag_2,,-0.291313621585674,0.6462489193611849,,-5.743257400568869e-07,1.0323119649834366e-06,4.5798622492654975e-07,4.648323446516957,0.9115314776051745,,-1.0,9,0.5555555555555556,0.3333333333333333
45,45 — Строительство зданий и сооружений,2014-2019,2014,2019,6,"2014,2015,2016,2017,2018,2019",monotone_decline,interpretable,structural_m1_m2,M1_current,5,0.48741429989081053,0.6155607249181079,X_n,X_n,-0.7845767807666166,,,-7.328260425629526e-06,,,0.0,1.0,0.0,-1.0,,6,1.0,0.0
45,45 — Строительство зданий и сооружений,2014-2019,2014,2019,6,"2014,2015,2016,2017,2018,2019",monotone_decline,interpretable,structural_m1_m2,M1_lag1,4,-0.4105594445882925,0.059627036941138245,Lag_1,Lag_1,,-0.24418647984918834,,,-2.7846497031929727e-06,,-2.7846497031929727e-06,1.0,0.0,,-1.0,0,,
45,45 — Строительство зданий и сооружений,2014-2019,2014,2019,6,"2014,2015,2016,2017,2018,2019",monotone_decline,interpretable,structural_m1_m2,M2_current_lag1,4,0.5609655329780149,0.8536551776593383,X_n,X_n,-1.3704179081531005,0.7969749400413672,,-1.9950436360574692e-05,9.088529518952396e-06,,9.088529518952396e-06,2.7063477820147708,0.7597400863607511,-1.0,1.0,0,,
45,45 — Строительство зданий и сооружений,2014-2022,2014,2022,9,"2014,2015,2016,2017,2018,2019,2020,2021,2022",collapse_like,low_dispersion,do_not_read_regression,M1_current,8,0.24875109891629,0.3560723704996772,X_n,X_n,-0.5967179991417031,,,-5.843125657692495e-06,,,0.0,1.0,0.0,-1.0,,9,1.0,0.0
45,45 — Строительство зданий и сооружений,2014-2022,2014,2022,9,"2014,2015,2016,2017,2018,2019,2020,2021,2022",collapse_like,low_dispersion,do_not_read_regression,M1_lag1,7,-0.13588832718607446,0.05342639401160454,Lag_1,Lag_1,,0.23114150214014886,,,2.2369812538990357e-06,,2.2369812538990357e-06,1.0,0.0,,1.0,9,1.0,0.8888888888888888
45,45 — Строительство зданий и сооружений,2014-2022,2014,2022,9,"2014,2015,2016,2017,2018,2019,2020,2021,2022",collapse_like,low_dispersion,do_not_read_regression,M2_current_lag1,7,0.8395006284524688,0.8930004189683125,X_n,X_n,-1.1719589130320482,0.9618354660392296,,-1.6653968263191784e-05,9.308617824766082e-06,,9.308617824766082e-06,2.0764910580008054,0.6234808710218831,-1.0,1.0,9,1.0,1.0
45,45 — Строительство зданий и сооружений,2014-2022,2014,2022,9,"2014,2015,2016,2017,2018,2019,2020,2021,2022",collapse_like,low_dispersion,do_not_read_regression,M3_lag1_lag2,6,0.30133410706475816,0.5808004642388549,Lag_1,Lag_1,,0.9175199162090935,-0.7531019765629662,,1.349588697644746e-05,-9.185087774389425e-06,4.310799202058034e-06,1.9977903707665177,0.5992920585029106,,1.0,9,0.3333333333333333,0.8888888888888888
50,"50 — Оптовая торговля автомобильными деталями, узлами",2014-2019,2014,2019,6,"2014,2015,2016,2017,2018,2019",plateau_like,low_dispersion,do_not_read_regression,M1_current,5,0.7799436275170779,0.8349577206378084,X_n,X_n,-0.9137602095942942,,,-1.015203859271412e-05,,,0.0,1.0,0.0,-1.0,,6,1.0,0.0
50,"50 — Оптовая торговля автомобильными деталями, узлами",2014-2019,2014,2019,6,"2014,2015,2016,2017,2018,2019",plateau_like,low_dispersion,do_not_read_regression,M1_lag1,4,0.15872229291764828,0.4391481952784322,Lag_1,Lag_1,,-0.6626825750526664,,,-5.679897526292251e-06,,-5.679897526292251e-06,1.0,0.0,,-1.0,0,,
50,"50 — Оптовая торговля автомобильными деталями, узлами",2014-2019,2014,2019,6,"2014,2015,2016,2017,2018,2019",plateau_like,low_dispersion,do_not_read_regression,M2_current_lag1,4,0.09902377515924299,0.6996745917197477,X_n,X_n,-1.721287138766435,0.9811857340406819,,-2.3910668091960257e-05,8.409809814552617e-06,,8.409809814552617e-06,6.592942139464906,0.9550227106625752,-1.0,1.0,0,,
50,"50 — Оптовая торговля автомобильными деталями, узлами",2014-2022,2014,2022,9,"2014,2015,2016,2017,2018,2019,2020,2021,2022",oscillatory,interpretable,structural_m1_m2,M1_current,8,0.38816540388918075,0.47557034619072636,X_n,X_n,-0.6896160860875605,,,-1.2226464008613495e-05,,,0.0,1.0,0.0,-1.0,,9,1.0,0.0
50,"50 — Оптовая торговля автомобильными деталями, узлами",2014-2022,2014,2022,9,"2014,2015,2016,2017,2018,2019,2020,2021,2022",oscillatory,interpretable,structural_m1_m2,M1_lag1,7,-0.1804117371643712,0.016323552363023963,Lag_1,Lag_1,,-0.12776365822495844,,,-2.137135044351621e-06,,-2.137135044351621e-06,1.0,0.0,,-1.0,9,1.0,1.0
50,"50 — Оптовая торговля автомобильными деталями, узлами",2014-2022,2014,2022,9,"2014,2015,2016,2017,2018,2019,2020,2021,2022",oscillatory,interpretable,structural_m1_m2,M2_current_lag1,7,0.5529630720330273,0.7019753813553515,X_n,X_n,-1.1944086168477748,0.7330267430969228,,-3.0085746102658633e-05,1.2261523839283267e-05,,1.2261523839283267e-05,2.4820016413615744,0.7206833483784117,-1.0,1.0,9,1.0,1.0
50,"50 — Оптовая торговля автомобильными деталями, узлами",2014-2022,2014,2022,9,"2014,2015,2016,2017,2018,2019,2020,2021,2022",oscillatory,interpretable,structural_m1_m2,M3_lag1_lag2,6,-0.3909035588798131,0.1654578646721122,Lag_2,Lag_2,,0.5287029034830784,-0.718324049106085,,1.3361788690172635e-05,-1.5500977977381204e-05,-2.1391892872085687e-06,3.275744798774397,0.8295043416490872,,1.0,9,0.5555555555555556,0.8888888888888888
51,51 — Прочая оптовая торговля,2014-2019,2014,2019,6,"2014,2015,2016,2017,2018,2019",plateau_like,low_dispersion,do_not_read_regression,M1_current,5,0.16146989104588172,0.37110241828441126,X_n,X_n,-0.609181761286738,,,-1.0657515368217972e-05,,,0.0,1.0,0.0,-1.0,,6,1.0,0.0
51,51 — Прочая оптовая торговля,2014-2019,2014,2019,6,"2014,2015,2016,2017,2018,2019",plateau_like,low_dispersion,do_not_read_regression,M1_lag1,4,-0.16550516066589638,0.22299655955606912,Lag_1,Lag_1,,0.4722251153380878,,,8.296036299432569e-06,,8.296036299432569e-06,1.0,0.0,,1.0,0,,
51,51 — Прочая оптовая торговля,2014-2019,2014,2019,6,"2014,2015,2016,2017,2018,2019",plateau_like,low_dispersion,do_not_read_regression,M2_current_lag1,4,0.5165492185359325,0.8388497395119775,X_n,X_n,-0.7877880684464698,0.5411951148357856,,-1.6455226283045806e-05,9.507699128918214e-06,,9.507699128918214e-06,1.0917409705056313,0.08754892624066718,-1.0,1.0,0,,
51,51 — Прочая оптовая торговля,2014-2022,2014,2022,9,"2014,2015,2016,2017,2018,2019,2020,2021,2022",oscillatory,interpretable,structural_m1_m2,M1_current,8,0.42710761955923404,0.5089493881936292,X_n,X_n,-0.713406888243749,,,-1.2339562017281619e-05,,,0.0,1.0,0.0,-1.0,,9,1.0,0.0
51,51 — Прочая оптовая торговля,2014-2022,2014,2022,9,"2014,2015,2016,2017,2018,2019,2020,2021,2022",oscillatory,interpretable,structural_m1_m2,M1_lag1,7,-0.19875120442924343,0.0010406629756304353,Lag_1,Lag_1,,0.032259308356357486,,,5.704809648892028e-07,,5.704809648892028e-07,1.0,0.0,,1.0,9,1.0,0.4444444444444444
51,51 — Прочая оптовая торговля,2014-2022,2014,2022,9,"2014,2015,2016,2017,2018,2019,2020,2021,2022",oscillatory,interpretable,structural_m1_m2,M2_current_lag1,7,0.4077569194916736,0.6051712796611157,X_n,X_n,-0.7828277088027358,0.1254719951744963,,-1.4848797400974727e-05,2.218875373365349e-06,,2.218875373365349e-06,1.1270902936432852,0.11907177756993191,-1.0,1.0,9,1.0,0.6666666666666666
51,51 — Прочая оптовая торговля,2014-2022,2014,2022,9,"2014,2015,2016,2017,2018,2019,2020,2021,2022",oscillatory,interpretable,structural_m1_m2,M3_lag1_lag2,6,-0.5031117294420198,0.09813296233478819,Lag_2,Lag_2,,-0.2159745498696497,0.38936819996310146,,-4.289544039237839e-06,1.1065464310943844e-05,6.7759202717060055e-06,1.9853892833490068,0.5952867586781898,,-1.0,9,0.6666666666666666,0.6666666666666666
52,52 — Розничная торговля в неспециализированных магази,2014-2019,2014,2019,6,"2014,2015,2016,2017,2018,2019",plateau_like,low_dispersion,do_not_read_regression,M1_current,5,-0.27555663766079164,0.04333252175440627,X_n,X_n,0.20816465058795697,,,1.2463288024505448e-06,,,0.0,1.0,0.0,1.0,,6,1.0,0.0
52,52 — Розничная торговля в неспециализированных магази,2014-2019,2014,2019,6,"2014,2015,2016,2017,2018,2019",plateau_like,low_dispersion,do_not_read_regression,M1_lag1,4,-0.4448840783745389,0.036743947750307315,Lag_1,Lag_1,,-0.19168710898312255,,,-1.3588049820610021e-06,,-1.3588049820610021e-06,1.0,0.0,,-1.0,0,,
52,52 — Розничная торговля в неспециализированных магази,2014-2019,2014,2019,6,"2014,2015,2016,2017,2018,2019",plateau_like,low_dispersion,do_not_read_regression,M2_current_lag1,4,-1.8847704967444665,0.03840983441851109,X_n,X_n,-0.1177987288558339,-0.08118528161431049,,-6.966455265388794e-07,-5.754949600563058e-07,,-5.754949600563058e-07,5.593507738845895,0.9380561950209834,-1.0,-1.0,0,,
52,52 — Розничная торговля в неспециализированных магази,2014-2022,2014,2022,9,"2014,2015,2016,2017,2018,2019,2020,2021,2022",plateau_like,low_dispersion,do_not_read_regression,M1_current,8,0.1400712744904189,0.2629182352775019,X_n,X_n,-0.5127555316888374,,,-3.174466385529715e-06,,,0.0,1.0,0.0,-1.0,,9,1.0,0.0
52,52 — Розничная торговля в неспециализированных магази,2014-2022,2014,2022,9,"2014,2015,2016,2017,2018,2019,2020,2021,2022",plateau_like,low_dispersion,do_not_read_regression,M1_lag1,7,0.500882320268193,0.5840686002234942,Lag_1,Lag_1,,-0.7642438094112994,,,-5.035311607857176e-06,,-5.035311607857176e-06,1.0,0.0,,-1.0,9,1.0,1.0
52,52 — Розничная торговля в неспециализированных магази,2014-2022,2014,2022,9,"2014,2015,2016,2017,2018,2019,2020,2021,2022",plateau_like,low_dispersion,do_not_read_regression,M2_current_lag1,7,0.380745649184998,0.587163766123332,Lag_1,Lag_1,0.18173483966002935,-0.9372535953958466,,1.3550617577996313e-06,-6.175207244449834e-06,,-6.175207244449834e-06,6.376375121520491,0.9519901979620213,1.0,-1.0,9,0.5555555555555556,0.8888888888888888
52,52 — Розничная торговля в неспециализированных магази,2014-2022,2014,2022,9,"2014,2015,2016,2017,2018,2019,2020,2021,2022",plateau_like,low_dispersion,do_not_read_regression,M3_lag1_lag2,6,0.6607433327374845,0.7964459996424907,Lag_1,Lag_1,,-0.8304560138968626,-0.06405697672751748,,-6.5852751427992104e-06,-4.948385650263541e-07,-7.080113707825565e-06,7.509563009545939,0.9651528705377387,,-1.0,9,0.2222222222222222,0.8888888888888888
55,55 — Деятельность ресторанов,2014-2019,2014,2019,6,"2014,2015,2016,2017,2018,2019",oscillatory,interpretable,structural_m1_m2,M1_current,5,0.6098776281589593,0.7074082211192194,X_n,X_n,-0.8410756334118943,,,-2.414001666495795e-05,,,0.0,1.0,0.0,-1.0,,6,1.0,0.0
55,55 — Деятельность ресторанов,2014-2019,2014,2019,6,"2014,2015,2016,2017,2018,2019",oscillatory,interpretable,structural_m1_m2,M1_lag1,4,-0.37513547643431844,0.08324301571045445,Lag_1,Lag_1,,-0.2885186574737487,,,-7.70746205478513e-06,,-7.70746205478513e-06,1.0,0.0,,-1.0,0,,
55,55 — Деятельность ресторанов,2014-2019,2014,2019,6,"2014,2015,2016,2017,2018,2019",oscillatory,interpretable,structural_m1_m2,M2_current_lag1,4,0.9757759579749585,0.9919253193249862,X_n,X_n,-0.9654226412776249,-0.4413537734547742,,-3.7429039220871624e-05,-1.179028590880097e-05,,-1.179028590880097e-05,1.1731022947902652,0.15830902388902537,-1.0,-1.0,0,,
55,55 — Деятельность ресторанов,2014-2022,2014,2022,9,"2014,2015,2016,2017,2018,2019,2020,2021,2022",shock_transition,interpretable,phase_trajectory,M1_current,8,0.5009705719844473,0.5722604902723833,X_n,X_n,-0.756479008480991,,,-2.700548554680811e-05,,,0.0,1.0,0.0,-1.0,,9,1.0,0.0
55,55 — Деятельность ресторанов,2014-2022,2014,2022,9,"2014,2015,2016,2017,2018,2019,2020,2021,2022",shock_transition,interpretable,phase_trajectory,M1_lag1,7,-0.029207089715249213,0.14232742523729236,Lag_1,Lag_1,,-0.37726307165861384,,,-1.3308716539023062e-05,,-1.3308716539023062e-05,1.0,0.0,,-1.0,9,1.0,1.0
55,55 — Деятельность ресторанов,2014-2022,2014,2022,9,"2014,2015,2016,2017,2018,2019,2020,2021,2022",shock_transition,interpretable,phase_trajectory,M2_current_lag1,7,0.5370385950094104,0.691359063339607,X_n,X_n,-0.7425090536964214,-0.32942943580641276,,-2.8483831663530277e-05,-1.1621288459224529e-05,,-1.1621288459224529e-05,1.066637270579618,0.06442161966116294,-1.0,-1.0,9,1.0,1.0
55,55 — Деятельность ресторанов,2014-2022,2014,2022,9,"2014,2015,2016,2017,2018,2019,2020,2021,2022",shock_transition,interpretable,phase_trajectory,M3_lag1_lag2,6,-0.49136222952541164,0.10518266228475304,Lag_1,Lag_1,,-0.3265877372242677,0.012580977330907475,,-1.2220549903747324e-05,1.340981930613106e-06,-1.0879567973134218e-05,1.223449752458839,0.19898408650924412,,-1.0,9,0.4444444444444444,0.8888888888888888
60,60 — Деятельность автомобильного грузового неспециали,2014-2019,2014,2019,6,"2014,2015,2016,2017,2018,2019",oscillatory,interpretable,structural_m1_m2,M1_current,5,0.2609816072365667,0.445736205427425,X_n,X_n,-0.6676347844648487,,,-8.78917433354794e-06,,,0.0,1.0,0.0,-1.0,,6,1.0,0.0
60,60 — Деятельность автомобильного грузового неспециали,2014-2019,2014,2019,6,"2014,2015,2016,2017,2018,2019",oscillatory,interpretable,structural_m1_m2,M1_lag1,4,-0.31171319979490364,0.1255245334700642,Lag_1,Lag_1,,0.3542944163687372,,,4.0539443488903525e-06,,4.0539443488903525e-06,1.0,0.0,,1.0,0,,
60,60 — Деятельность автомобильного грузового неспециали,2014-2019,2014,2019,6,"2014,2015,2016,2017,2018,2019",oscillatory,interpretable,structural_m1_m2,M2_current_lag1,4,-1.0171553029511253,0.3276148990162915,X_n,X_n,-0.5076155919624243,0.11853347037229893,,-4.620357411912847e-06,1.3562959791893086e-06,,1.3562959791893086e-06,1.6536212526277807,0.4644478020956657,-1.0,1.0,0,,
60,60 — Деятельность автомобильного грузового неспециали,2014-2022,2014,2022,9,"2014,2015,2016,2017,2018,2019,2020,2021,2022",oscillatory,interpretable,structural_m1_m2,M1_current,8,0.4385502319044371,0.5187573416323746,X_n,X_n,-0.7202481111619627,,,-1.0786003103799693e-05,,,0.0,1.0,0.0,-1.0,,9,1.0,0.0
60,60 — Деятельность автомобильного грузового неспециали,2014-2022,2014,2022,9,"2014,2015,2016,2017,2018,2019,2020,2021,2022",oscillatory,interpretable,structural_m1_m2,M1_lag1,7,-0.09224698031264644,0.08979418307279452,Lag_1,Lag_1,,-0.2996567754495039,,,-3.7960433671185232e-06,,-3.7960433671185232e-06,1.0,0.0,,-1.0,9,1.0,0.6666666666666666
60,60 — Деятельность автомобильного грузового неспециали,2014-2022,2014,2022,9,"2014,2015,2016,2017,2018,2019,2020,2021,2022",oscillatory,interpretable,structural_m1_m2,M2_current_lag1,7,0.4671862310676751,0.6447908207117834,X_n,X_n,-0.7585172104753297,-0.4423162334194774,,-1.0206939167892317e-05,-5.603249255826692e-06,,-5.603249255826692e-06,1.2096640199535649,0.18807675818004857,-1.0,-1.0,9,1.0,0.8888888888888888
60,60 — Деятельность автомобильного грузового неспециали,2014-2022,2014,2022,9,"2014,2015,2016,2017,2018,2019,2020,2021,2022",oscillatory,interpretable,structural_m1_m2,M3_lag1_lag2,6,-0.36927434238863865,0.1784353945668169,Lag_1,Lag_1,,-0.3376145661241133,0.2119622299341714,,-4.561302118699171e-06,3.0977506114057604e-06,-1.4635515072934103e-06,1.1471360796562926,0.13641275327563115,,-1.0,9,0.5555555555555556,0.7777777777777778
63,63 — Хранение и складирование зерна,2014-2019,2014,2019,6,"2014,2015,2016,2017,2018,2019",oscillatory,interpretable,structural_m1_m2,M1_current,5,-0.08727649185922637,0.1845426311055801,X_n,X_n,-0.42958425379147713,,,-2.662443832942571e-06,,,0.0,1.0,0.0,-1.0,,6,1.0,0.0
63,63 — Хранение и складирование зерна,2014-2019,2014,2019,6,"2014,2015,2016,2017,2018,2019",oscillatory,interpretable,structural_m1_m2,M1_lag1,4,0.22385457491123284,0.4825697166074886,Lag_1,Lag_1,,-0.694672380772036,,,-5.948295189217121e-06,,-5.948295189217121e-06,1.0,0.0,,-1.0,0,,
63,63 — Хранение и складирование зерна,2014-2019,2014,2019,6,"2014,2015,2016,2017,2018,2019",oscillatory,interpretable,structural_m1_m2,M2_current_lag1,4,0.4334054062517947,0.8111351354172649,X_n,X_n,-1.1901067987500467,0.3482987471223591,,-7.463033858678259e-06,2.982389712422099e-06,,2.982389712422099e-06,3.8957668026970516,0.8763676747244984,-1.0,1.0,0,,
63,63 — Хранение и складирование зерна,2014-2022,2014,2022,9,"2014,2015,2016,2017,2018,2019,2020,2021,2022",oscillatory,interpretable,structural_m1_m2,M1_current,8,0.11983770084613454,0.24557517215382962,X_n,X_n,-0.4955554178432817,,,-3.2418623357592482e-06,,,0.0,1.0,0.0,-1.0,,9,1.0,0.0
63,63 — Хранение и складирование зерна,2014-2022,2014,2022,9,"2014,2015,2016,2017,2018,2019,2020,2021,2022",oscillatory,interpretable,structural_m1_m2,M1_lag1,7,0.4460239312915927,0.5383532760763272,Lag_1,Lag_1,,-0.7337256136161031,,,-4.631079433939235e-06,,-4.631079433939235e-06,1.0,0.0,,-1.0,9,1.0,1.0
63,63 — Хранение и складирование зерна,2014-2022,2014,2022,9,"2014,2015,2016,2017,2018,2019,2020,2021,2022",oscillatory,interpretable,structural_m1_m2,M2_current_lag1,7,0.5710013295061345,0.714000886337423,X_n,X_n,-0.6697011610315764,-0.2113732087915962,,-5.019443052165577e-06,-1.3341310456590852e-06,,-1.3341310456590852e-06,2.844295069588121,0.7799783473869141,-1.0,-1.0,9,1.0,0.5555555555555556
63,63 — Хранение и складирование зерна,2014-2022,2014,2022,9,"2014,2015,2016,2017,2018,2019,2020,2021,2022",oscillatory,interpretable,structural_m1_m2,M3_lag1_lag2,6,-0.05060113778697306,0.3696393173278162,Lag_1,Lag_1,,-0.6977728137475695,0.12100171926052342,,-4.142888735200474e-06,6.149910917573962e-07,-3.527897643443078e-06,2.852028546037866,0.781039482435444,,-1.0,9,0.8888888888888888,1.0
64,64 — Деятельность в области электросвязи,2014-2019,2014,2019,6,"2014,2015,2016,2017,2018,2019",oscillatory,interpretable,structural_m1_m2,M1_current,5,0.5699287492098847,0.6774465619074135,X_n,X_n,-0.8230714196881173,,,-5.637765996431393e-06,,,0.0,1.0,0.0,-1.0,,6,1.0,0.0
64,64 — Деятельность в области электросвязи,2014-2019,2014,2019,6,"2014,2015,2016,2017,2018,2019",oscillatory,interpretable,structural_m1_m2,M1_lag1,4,0.41253388446235806,0.6083559229749054,Lag_1,Lag_1,,-0.7799717449849741,,,-5.031356858619074e-06,,-5.031356858619074e-06,1.0,0.0,,-1.0,0,,
64,64 — Деятельность в области электросвязи,2014-2019,2014,2019,6,"2014,2015,2016,2017,2018,2019",oscillatory,interpretable,structural_m1_m2,M2_current_lag1,4,0.41033938243234525,0.8034464608107817,X_n,X_n,-0.9349314789641467,0.04404666046614869,,-1.0502146037608261e-05,2.84131404324007e-07,,2.84131404324007e-07,3.9823127368330997,0.8813676980521503,-1.0,1.0,0,,
64,64 — Деятельность в области электросвязи,2014-2022,2014,2022,9,"2014,2015,2016,2017,2018,2019,2020,2021,2022",oscillatory,interpretable,structural_m1_m2,M1_current,8,0.5636255217497588,0.6259647329283647,X_n,X_n,-0.7911793304481387,,,-5.584105939860228e-06,,,0.0,1.0,0.0,-1.0,,9,1.0,0.0
64,64 — Деятельность в области электросвязи,2014-2022,2014,2022,9,"2014,2015,2016,2017,2018,2019,2020,2021,2022",oscillatory,interpretable,structural_m1_m2,M1_lag1,7,0.26994368791306667,0.3916197399275555,Lag_1,Lag_1,,-0.6257952859582403,,,-3.986824834745717e-06,,-3.986824834745717e-06,1.0,0.0,,-1.0,9,1.0,1.0
64,64 — Деятельность в области электросвязи,2014-2022,2014,2022,9,"2014,2015,2016,2017,2018,2019,2020,2021,2022",oscillatory,interpretable,structural_m1_m2,M2_current_lag1,7,0.6042743517370291,0.7361829011580194,X_n,X_n,-1.2596660099344694,0.48874286742806894,,-1.437335455491841e-05,3.113689485026071e-06,,3.113689485026071e-06,4.044675092310037,0.884788622219226,-1.0,1.0,9,1.0,1.0
64,64 — Деятельность в области электросвязи,2014-2022,2014,2022,9,"2014,2015,2016,2017,2018,2019,2020,2021,2022",oscillatory,interpretable,structural_m1_m2,M3_lag1_lag2,6,-0.43458468621127144,0.13924918827323718,Lag_1,Lag_1,,-0.7770664115682296,0.5302381202418096,,-7.230310984232281e-06,2.9448354531968872e-06,-4.2854755310353934e-06,4.476838708755279,0.9049523839149753,,-1.0,9,0.4444444444444444,0.3333333333333333
70,70 — Сдача внаем собственного нежилого недвижимого им,2014-2019,2014,2019,6,"2014,2015,2016,2017,2018,2019",plateau_like,low_dispersion,do_not_read_regression,M1_current,5,-0.11961350353757894,0.1602898723468157,X_n,X_n,-0.4003621764687767,,,-1.9310401110497722e-06,,,0.0,1.0,0.0,-1.0,,6,1.0,0.0
70,70 — Сдача внаем собственного нежилого недвижимого им,2014-2019,2014,2019,6,"2014,2015,2016,2017,2018,2019",plateau_like,low_dispersion,do_not_read_regression,M1_lag1,4,-0.2216612096807522,0.18555919354616524,Lag_1,Lag_1,,-0.4307658221657853,,,-2.728514480624627e-06,,-2.728514480624627e-06,1.0,0.0,,-1.0,0,,
70,70 — Сдача внаем собственного нежилого недвижимого им,2014-2019,2014,2019,6,"2014,2015,2016,2017,2018,2019",plateau_like,low_dispersion,do_not_read_regression,M2_current_lag1,4,0.40188281023935635,0.8006276034131188,X_n,X_n,-3.430883478928866,2.9092780452287856,,-2.5123769335599373e-05,1.8427662702346532e-05,,1.8427662702346532e-05,8.633491041483348,0.9735229680366015,-1.0,1.0,0,,
70,70 — Сдача внаем собственного нежилого недвижимого им,2014-2022,2014,2022,9,"2014,2015,2016,2017,2018,2019,2020,2021,2022",plateau_like,low_dispersion,do_not_read_regression,M1_current,8,0.3271026354279837,0.42323083036684317,X_n,X_n,-0.6505619343051384,,,-4.868060060144695e-06,,,0.0,1.0,0.0,-1.0,,9,1.0,0.0
70,70 — Сдача внаем собственного нежилого недвижимого им,2014-2022,2014,2022,9,"2014,2015,2016,2017,2018,2019,2020,2021,2022",plateau_like,low_dispersion,do_not_read_regression,M1_lag1,7,0.3977241539331854,0.49810346161098784,Lag_1,Lag_1,,-0.7057644519320792,,,-5.835427880835313e-06,,-5.835427880835313e-06,1.0,0.0,,-1.0,9,1.0,1.0
70,70 — Сдача внаем собственного нежилого недвижимого им,2014-2022,2014,2022,9,"2014,2015,2016,2017,2018,2019,2020,2021,2022",plateau_like,low_dispersion,do_not_read_regression,M2_current_lag1,7,0.285783879672296,0.5238559197815307,X_n,X_n,-0.9490831368925956,0.22965328499797644,,-9.272173296648955e-06,1.8988278292196682e-06,,1.8988278292196682e-06,11.743214614432445,0.9856014721668299,-1.0,1.0,9,0.7777777777777778,0.7777777777777778
70,70 — Сдача внаем собственного нежилого недвижимого им,2014-2022,2014,2022,9,"2014,2015,2016,2017,2018,2019,2020,2021,2022",plateau_like,low_dispersion,do_not_read_regression,M3_lag1_lag2,6,-0.11714628888823753,0.3297122266670576,Lag_1,Lag_1,,-0.3490415235732416,-0.2267140266542259,,-3.3576126198590388e-06,-1.980581413121476e-06,-5.338194032980515e-06,13.289239585939685,0.9887389853126368,,-1.0,9,0.4444444444444444,0.5555555555555556
72,72 — Разработка программного обеспечения,2014-2019,2014,2019,6,"2014,2015,2016,2017,2018,2019",oscillatory,interpretable,structural_m1_m2,M1_current,5,0.7052138246183682,0.7789103684637761,X_n,X_n,-0.8825589886595546,,,-1.476197992572456e-05,,,0.0,1.0,0.0,-1.0,,6,1.0,0.0
72,72 — Разработка программного обеспечения,2014-2019,2014,2019,6,"2014,2015,2016,2017,2018,2019",oscillatory,interpretable,structural_m1_m2,M1_lag1,4,-0.4786646453121841,0.014223569791877222,Lag_1,Lag_1,,0.11926260852369969,,,1.4037106320865916e-06,,1.4037106320865916e-06,1.0,0.0,,1.0,0,,
72,72 — Разработка программного обеспечения,2014-2019,2014,2019,6,"2014,2015,2016,2017,2018,2019",oscillatory,interpretable,structural_m1_m2,M2_current_lag1,4,-0.22779599220046376,0.5907346692665121,X_n,X_n,-0.7659914600905879,0.01811016190437255,,-2.0646680279972912e-05,2.1315504606731849e-07,,2.1315504606731849e-07,1.142055843201528,0.13205427460949068,-1.0,1.0,0,,
72,72 — Разработка программного обеспечения,2014-2022,2014,2022,9,"2014,2015,2016,2017,2018,2019,2020,2021,2022",oscillatory,interpretable,structural_m1_m2,M1_current,8,0.6632794951770931,0.7113824244375083,X_n,X_n,-0.8434348963835372,,,-1.603617095745241e-05,,,0.0,1.0,0.0,-1.0,,9,1.0,0.0
72,72 — Разработка программного обеспечения,2014-2022,2014,2022,9,"2014,2015,2016,2017,2018,2019,2020,2021,2022",oscillatory,interpretable,structural_m1_m2,M1_lag1,7,-0.1999128565919377,7.2619506718552e-05,Lag_1,Lag_1,,0.008521707969556258,,,1.3457930138922915e-07,,1.3457930138922915e-07,1.0,0.0,,1.0,9,1.0,0.6666666666666666
72,72 — Разработка программного обеспечения,2014-2022,2014,2022,9,"2014,2015,2016,2017,2018,2019,2020,2021,2022",oscillatory,interpretable,structural_m1_m2,M2_current_lag1,7,0.4856176889327596,0.6570784592885064,X_n,X_n,-0.8336641828705307,-0.18638886131646681,,-2.2321365141481103e-05,-2.9435510853360967e-06,,-2.9435510853360967e-06,1.2689696782197823,0.2337998600526332,-1.0,-1.0,9,1.0,0.5555555555555556
72,72 — Разработка программного обеспечения,2014-2022,2014,2022,9,"2014,2015,2016,2017,2018,2019,2020,2021,2022",oscillatory,interpretable,structural_m1_m2,M3_lag1_lag2,6,-0.594612917927962,0.043232249243222776,Lag_1,Lag_1,,-0.21096370214961982,-0.1182450806460213,,-5.621552579897366e-06,-2.049233200546581e-06,-7.670785780443947e-06,1.3714617012657155,0.3057742361983689,,-1.0,9,0.1111111111111111,0.3333333333333333
74,"74 — Деятельность в области архитектуры, инженерно те",2014-2019,2014,2019,6,"2014,2015,2016,2017,2018,2019",oscillatory,interpretable,structural_m1_m2,M1_current,5,0.5972160300478404,0.6979120225358802,X_n,X_n,-0.8354112894472279,,,-1.2198273807214334e-05,,,0.0,1.0,0.0,-1.0,,6,1.0,0.0
74,"74 — Деятельность в области архитектуры, инженерно те",2014-2019,2014,2019,6,"2014,2015,2016,2017,2018,2019",oscillatory,interpretable,structural_m1_m2,M1_lag1,4,-0.07451945559409112,0.2836536962706059,Lag_1,Lag_1,,-0.5325914909859206,,,-6.2478467038679236e-06,,-6.2478467038679236e-06,1.0,0.0,,-1.0,0,,
74,"74 — Деятельность в области архитектуры, инженерно те",2014-2019,2014,2019,6,"2014,2015,2016,2017,2018,2019",oscillatory,interpretable,structural_m1_m2,M2_current_lag1,4,0.45388399803178936,0.8179613326772631,X_n,X_n,-1.0646176261324998,0.24142598521557984,,-3.1959525493539745e-05,2.8321754505783086e-06,,2.8321754505783086e-06,2.5153582985294483,0.7270380061368327,-1.0,1.0,0,,
74,"74 — Деятельность в области архитектуры, инженерно те",2014-2022,2014,2022,9,"2014,2015,2016,2017,2018,2019,2020,2021,2022",oscillatory,interpretable,structural_m1_m2,M1_current,8,0.46412477732169954,0.5406783805614568,X_n,X_n,-0.7353083574674348,,,-1.3376168904524156e-05,,,0.0,1.0,0.0,-1.0,,9,1.0,0.0
74,"74 — Деятельность в области архитектуры, инженерно те",2014-2022,2014,2022,9,"2014,2015,2016,2017,2018,2019,2020,2021,2022",oscillatory,interpretable,structural_m1_m2,M1_lag1,7,-0.05986519035815929,0.1167790080348673,Lag_1,Lag_1,,-0.34172943688665025,,,-5.719823209855992e-06,,-5.719823209855992e-06,1.0,0.0,,-1.0,9,1.0,1.0
74,"74 — Деятельность в области архитектуры, инженерно те",2014-2022,2014,2022,9,"2014,2015,2016,2017,2018,2019,2020,2021,2022",oscillatory,interpretable,structural_m1_m2,M2_current_lag1,7,0.3518574124583732,0.5679049416389155,X_n,X_n,-0.8068106567353309,0.1052800733227493,,-2.2389817190411e-05,1.7621642794751215e-06,,1.7621642794751215e-06,1.8667508339013645,0.5540451238189809,-1.0,1.0,9,1.0,0.6666666666666666
74,"74 — Деятельность в области архитектуры, инженерно те",2014-2022,2014,2022,9,"2014,2015,2016,2017,2018,2019,2020,2021,2022",oscillatory,interpretable,structural_m1_m2,M3_lag1_lag2,6,-0.18751797314430152,0.28748921611341915,Lag_2,Lag_1,,-0.636541646858074,0.7341266095061161,,-1.6596107911256592e-05,1.479504809542308e-05,-1.8010598158335118e-06,2.392610513636063,0.7025838800175438,,-1.0,9,0.5555555555555556,0.6666666666666666
85,85 — Деятельность санаторно-курортных учреждений,2014-2019,2014,2019,6,"2014,2015,2016,2017,2018,2019",plateau_like,low_dispersion,do_not_read_regression,M1_current,5,0.3932208977881143,0.5449156733410857,X_n,X_n,-0.7381840375821505,,,-4.4496071860672165e-06,,,0.0,1.0,0.0,-1.0,,6,1.0,0.0
85,85 — Деятельность санаторно-курортных учреждений,2014-2019,2014,2019,6,"2014,2015,2016,2017,2018,2019",plateau_like,low_dispersion,do_not_read_regression,M1_lag1,4,-0.4991906547534066,0.0005395634977289898,Lag_1,Lag_1,,-0.023228506145017314,,,-1.81158301833003e-07,,-1.81158301833003e-07,1.0,0.0,,-1.0,0,,
85,85 — Деятельность санаторно-курортных учреждений,2014-2019,2014,2019,6,"2014,2015,2016,2017,2018,2019",plateau_like,low_dispersion,do_not_read_regression,M2_current_lag1,4,-0.23489099949289094,0.588369666835703,X_n,X_n,-1.1197690466694545,0.7928919595590633,,-8.526420831281602e-06,6.18373648455962e-06,,6.18373648455962e-06,2.524960890102077,0.7288292779046537,-1.0,1.0,0,,
85,85 — Деятельность санаторно-курортных учреждений,2014-2022,2014,2022,9,"2014,2015,2016,2017,2018,2019,2020,2021,2022",shock_transition,interpretable,phase_trajectory,M1_current,8,0.32420246884049586,0.4207449732918537,X_n,X_n,-0.648648574570124,,,-1.0579203324223577e-05,,,0.0,1.0,0.0,-1.0,,9,1.0,0.0
85,85 — Деятельность санаторно-курортных учреждений,2014-2022,2014,2022,9,"2014,2015,2016,2017,2018,2019,2020,2021,2022",shock_transition,interpretable,phase_trajectory,M1_lag1,7,-0.14545212705029953,0.04545656079141702,Lag_1,Lag_1,,-0.21320544268713434,,,-3.901484209160136e-06,,-3.901484209160136e-06,1.0,0.0,,-1.0,9,1.0,0.6666666666666666
85,85 — Деятельность санаторно-курортных учреждений,2014-2022,2014,2022,9,"2014,2015,2016,2017,2018,2019,2020,2021,2022",shock_transition,interpretable,phase_trajectory,M2_current_lag1,7,0.6676229081301102,0.7784152720867401,X_n,X_n,-0.9559356845925981,-0.6384751474418902,,-1.6329395258367532e-05,-1.1683569960927828e-05,,-1.1683569960927828e-05,1.613312537486627,0.44487271644848986,-1.0,-1.0,9,1.0,0.8888888888888888
85,85 — Деятельность санаторно-курортных учреждений,2014-2022,2014,2022,9,"2014,2015,2016,2017,2018,2019,2020,2021,2022",shock_transition,interpretable,phase_trajectory,M3_lag1_lag2,6,-0.11660812637296303,0.33003512417622227,Lag_2,Lag_2,,-0.163753669463155,0.5251670376988207,,-3.094157466480817e-06,1.7927864588055568e-05,1.483370712157475e-05,1.1744389035660403,0.15941901568137415,,-1.0,9,1.0,0.7777777777777778
93,93 — Организация похорон и предоставление связанных с,2014-2019,2014,2019,6,"2014,2015,2016,2017,2018,2019",plateau_like,low_dispersion,do_not_read_regression,M1_current,5,-0.29021559247393647,0.03233830564454754,X_n,X_n,-0.17982854513271027,,,-1.2288757479462211e-05,,,0.0,1.0,0.0,-1.0,,6,1.0,0.0
93,93 — Организация похорон и предоставление связанных с,2014-2019,2014,2019,6,"2014,2015,2016,2017,2018,2019",plateau_like,low_dispersion,do_not_read_regression,M1_lag1,4,-0.3687464886031331,0.08750234093124465,Lag_1,Lag_1,,0.29580794602451765,,,8.593909536405217e-06,,8.593909536405217e-06,1.0,0.0,,1.0,0,,
93,93 — Организация похорон и предоставление связанных с,2014-2019,2014,2019,6,"2014,2015,2016,2017,2018,2019",plateau_like,low_dispersion,do_not_read_regression,M2_current_lag1,4,0.980987582911902,0.9936625276373007,X_n,X_n,-1.0002432918964994,0.6029340704064879,,-2.1048219068187702e-05,1.7516638505242984e-05,,1.7516638505242984e-05,1.3733961722874626,0.3070514212593691,-1.0,1.0,0,,
93,93 — Организация похорон и предоставление связанных с,2014-2022,2014,2022,9,"2014,2015,2016,2017,2018,2019,2020,2021,2022",shock_transition,interpretable,phase_trajectory,M1_current,8,0.25446123060741954,0.3609667690920739,X_n,X_n,-0.6008051007540415,,,-5.180554311400377e-05,,,0.0,1.0,0.0,-1.0,,9,1.0,0.0
93,93 — Организация похорон и предоставление связанных с,2014-2022,2014,2022,9,"2014,2015,2016,2017,2018,2019,2020,2021,2022",shock_transition,interpretable,phase_trajectory,M1_lag1,7,-0.029407808097000165,0.14216015991916642,Lag_1,Lag_1,,-0.37704132388793454,,,-3.191555966004378e-05,,-3.191555966004378e-05,1.0,0.0,,-1.0,9,1.0,1.0
93,93 — Организация похорон и предоставление связанных с,2014-2022,2014,2022,9,"2014,2015,2016,2017,2018,2019,2020,2021,2022",shock_transition,interpretable,phase_trajectory,M2_current_lag1,7,0.21317761465429053,0.4754517431028603,X_n,X_n,-0.6278179007338577,-0.13033556129173304,,-5.4657632673838085e-05,-1.1032563591008303e-05,,-1.1032563591008303e-05,1.5148142858642617,0.39295751571885196,-1.0,-1.0,9,0.8888888888888888,0.7777777777777778
93,93 — Организация похорон и предоставление связанных с,2014-2022,2014,2022,9,"2014,2015,2016,2017,2018,2019,2020,2021,2022",shock_transition,interpretable,phase_trajectory,M3_lag1_lag2,6,-0.27931038580486045,0.23241376851708373,Lag_2,Lag_2,,0.08207679387311112,-0.5440070547107603,,6.995340498581848e-06,-9.18502363903358e-05,-8.485489589175394e-05,2.8953728051099885,0.7868527284463854,,1.0,9,1.0,0.3333333333333333
